Gene,FC_2d,FC_21d
SPAC869.06c,9.466997,11.187133
SPAPB8E5.05,9.908871,7.731517
SPAC13F5.03c,8.397721,9.818105
SPCC1739.08c,8.113863,9.243623
SPBC16E9.16c,8.368469,6.278835
SPBC2G2.17c,7.84706,6.415445
SPAC977.02,,4.879759
SPCC794.04c,6.794338,4.897007
SPBPB2B2.01,6.864074,5.284285
SPAC27D7.03c,7.38976,6.058819
SPBC32C12.02,7.226305,5.812511
SPAC8C9.03,6.65295,6.043392
SPAC17A2.10c,7.49403,8.254081
SPBC839.06,7.391677,7.948769
SPCC16C4.21,7.303227,7.127405
SPAC18G6.09c,6.861468,7.719861
SPBPB21E7.02c,6.523049,7.804443
SPBC609.01,6.381318,7.786209
SPAC3G9.11c,5.597601,8.010473
SPBPB21E7.11,5.496915,7.293405
SPAC9E9.02,6.532735,3.897747
SPAC16.05c,6.034375,4.065707
SPBC354.12,5.768793,4.455062
SPCC1020.10,5.403244,3.581018
SPCC576.01c,5.096365,4.182465
SPCC737.04,5.052603,4.402132
SPAP7G5.06,4.939172,4.547991
SPBC56F2.06,4.902797,4.522164
SPCC1183.11,4.853734,4.489957
SPAC6C3.03c,4.839195,4.524729
SPBP4G3.03,4.747168,4.62498
SPBC1D7.03,4.725351,4.373766
SPAC22F8.05,4.592052,3.86329
SPAC19A8.16,4.294105,4.037646
SPAC2F7.11,4.072117,4.185222
SPAC29A4.11,5.097655,4.932493
SPCPB1C11.01,4.987107,5.27537
SPAC22H10.13,4.964935,5.302863
SPCC330.03c,4.771464,4.83794
SPBPB21E7.04c,4.737033,4.897545
SPAC23D3.12,4.659915,5.139891
SPBC1105.14,4.569072,4.705378
SPBC19C2.05,4.396324,4.659002
SPCC4G3.03,4.459626,5.188031
SPAC3C7.02c,4.376121,5.061197
SPAC56F8.16,4.317696,5.159707
SPBC30B4.01c,5.905372,5.550531
SPCPB16A4.06c,5.755097,5.747169
SPAC110.01,5.605629,5.745956
SPAC6B12.03c,5.693796,5.616648
SPBC29B5.02c,5.605629,5.553977
SPBPB7E8.02,5.581953,5.572656
SPAC1002.19,5.834785,5.160418
SPAC869.07c,5.517999,5.219815
SPBC1685.13,5.46025,5.023069
SPAC212.11,,5.455738
SPCC663.10,5.477301,5.41909
SPAC17A2.09c,5.474249,5.527043
SPCC1235.18,5.333935,5.567445
SPBC9B6.03,5.118655,5.617195
SPAC25B8.13c,4.999092,5.722202
SPBC32H8.02c,5.531263,5.920027
SPAC2H10.04,5.284226,5.856146
SPAPJ695.01c,,6.273076
SPBC83.19c,6.031692,6.274115
SPCC1393.08,6.190319,6.026664
SPAPJ691.02,6.183331,6.174505
SPBC13A2.04c,5.720399,6.233965
SPAC977.15,5.712659,6.421831
SPCC417.02,5.078426,6.591168
SPAC1039.09,4.814109,6.189269
SPAC23E2.03c,4.509722,6.01331
SPBC1D7.02c,4.499617,5.980249
SPBC1734.09,4.718789,6.570828
SPAC977.16c,4.465075,6.371707
SPAC4A8.04,4.058224,4.908662
SPCC569.09,3.971453,4.827497
SPAC1751.01c,3.879174,4.77367
SPBC56F2.05c,4.070102,4.568871
SPCC794.16,3.930959,4.500782
SPBC32H8.15,3.827988,4.544289
SPAC186.06,3.749305,4.548997
SPCC338.18,3.723172,4.687702
SPBPB21E7.01c,3.947889,5.364851
SPAC4G9.22,3.96417,5.10828
SPAC869.08,3.833399,5.040506
SPAC13A11.03,3.813239,5.188254
SPAC56F8.15,3.532224,4.846981
SPAC977.17,3.423012,4.976802
SPCC550.07,3.172293,4.742637
SPAC3G6.07,2.940561,5.05886
SPCC1235.17,3.846547,5.859282
SPBC36.02c,3.224372,6.39042
SPAC977.18,,6.118054
SPBPB21E7.06,1.883494,6.090319
SPAC1F8.02c,1.507473,5.57616
SPBC1348.08c,0.905338,5.782683
SPBC1348.11,0.506006,7.395994
SPAC977.07c,0.186165,6.230748
SPBC1348.14c,1.676313,7.830509
SPBPB8B6.02c,0.712257,8.981857
SPBC1683.01,4.440341,2.834679
SPAC32A11.02c,4.08969,2.329774
SPAC2H10.01,4.157982,1.164061
SPBC1271.09,4.309808,3.372128
SPAC16A10.01,4.300396,3.418679
SPCC1393.12,4.05465,3.636303
SPBC365.12c,3.9738,3.303038
SPAC26F1.10c,3.904039,3.429409
SPCP31B10.06,3.944963,3.012589
SPCC736.15,3.703486,3.051218
SPAC869.09,3.91678,3.950423
SPBC660.05,3.824543,4.000896
SPBC15D4.02,3.814181,3.927556
SPCC1235.14,3.760025,3.963968
SPAPB2B4.04c,3.769935,4.13507
SPAC26F1.11,3.61337,4.120652
SPAC26F1.14c,3.751424,3.503053
SPCC794.15,3.700716,3.484055
SPAC1039.01,3.475051,3.55623
SPCC1322.03,3.528151,3.917601
SPCC63.13,3.388581,4.011864
SPAC2E1P3.04,3.283029,3.900212
SPAC186.05c,3.198347,3.929967
SPCC16C4.09,3.219245,3.992262
SPAC11D3.17,3.187652,4.013365
SPBC354.08c,3.60878,2.808632
SPCC320.03,3.566833,2.945856
SPBC19G7.05c,3.479043,3.177519
SPBC16C6.02c,3.37169,3.115116
SPAC15E1.02c,3.365314,2.905206
SPAC637.03,3.246972,2.86024
SPAC24B11.09,3.197676,2.796948
SPAPB1E7.07,3.134596,2.910932
SPAC22E12.11c,3.256651,3.458231
SPCC1902.01,3.118569,3.634963
SPBC1718.07c,3.093226,3.497814
SPBC16E9.20,3.067651,3.477505
SPBC8D2.04,3.037761,3.505013
SPCC70.10,3.1665,3.223638
SPBC119.05c,3.136786,3.246619
SPCPB1C11.02,3.076949,3.288207
SPCC1281.06c,3.133394,3.126797
SPAC32A11.01,3.118866,3.102427
SPCC965.13,3.029562,3.160923
SPAC3H1.11,3.051199,3.065803
SPCC1906.03,3.029559,3.030392
SPAC4H3.03c,2.943962,3.07229
SPCC16A11.15c,3.01778,3.230469
SPAC343.20,2.98677,3.24772
SPCC191.01,2.965281,3.253514
SPCC338.12,2.916171,3.31341
SPAC23C4.06c,2.876002,3.259881
SPCC757.09c,2.921491,3.415927
SPBC23E6.09,2.89735,3.410149
SPAC4F10.07c,2.855768,3.363005
SPAC11E3.06,3.565896,2.411578
SPCC757.07c,3.43496,2.463246
SPBC428.10,3.469234,2.635007
SPBC530.11c,3.399383,2.222094
SPAC343.12,3.271011,2.219641
SPAC1B2.03c,3.207625,2.295108
SPCC417.16,3.128098,2.276986
SPCC663.03,3.109061,2.38261
SPAC19D5.01,3.132254,2.632819
SPBC725.02,3.128784,2.594429
SPAC11E3.13c,2.961864,2.886781
SPAC1F7.08,2.931984,2.860011
SPBC1683.07,2.908839,2.878806
SPCC16C4.07,2.914413,2.913115
SPAC3H1.06c,2.87578,2.812119
SPAP8A3.04c,2.845423,2.714355
SPBC1683.08,2.973134,2.619147
SPAC3C7.06c,2.946036,2.694784
SPBC409.07c,2.918548,2.664398
SPBC12C2.03c,2.889889,2.618311
SPAC29A4.17c,2.807115,2.634535
SPCC1322.08,2.789646,2.617171
SPCC1450.11c,2.92585,2.314894
SPAC2C4.17c,2.886568,2.247555
SPCC285.10c,2.849463,2.239597
SPAC3C7.05c,2.914943,2.458306
SPBC32H8.07,2.845448,2.50515
SPBC17F3.01c,2.807434,2.53455
SPAC19G12.10c,2.746247,2.366228
SPBC660.06,2.728657,2.413481
SPBC56F2.15,2.739764,2.492424
SPCC63.14,2.70321,2.462349
SPAC31G5.11,2.710436,2.553939
SPCPB1C11.03,2.67417,2.573393
SPBC19F5.01c,2.59612,2.545364
SPBC23G7.04c,2.591615,2.532871
SPCC553.12c,2.677107,2.187031
SPAC24H6.13,2.691409,2.276365
SPAC23H3.04,2.646776,2.272753
SPAC821.13c,2.56933,2.196394
SPAC19A8.01c,2.478638,2.220361
SPBC31E1.02c,2.53508,2.167029
SPBC19C7.05,2.531132,2.122157
SPBP16F5.03c,2.51194,2.154654
SPCC1682.08c,2.495104,2.161246
SPAC688.04c,2.482922,2.146977
SPAC3H8.06,2.549697,2.283267
SPAC12G12.03,2.504865,2.30522
SPAC1786.04,2.440091,2.412997
SPAC1F5.11c,2.399198,2.30932
SPAC11E3.14,3.060167,1.953658
SPCC1753.02c,2.838511,1.95916
SPCC1223.09,2.808072,1.852631
SPBC1683.05,2.576395,1.893936
SPBC56F2.04,2.565179,1.966007
SPBC19C2.04c,2.479606,1.925679
SPBC11C11.06c,2.465187,1.903323
SPAC1002.17c,2.449852,1.869696
SPBC32F12.01c,2.426074,1.808453
SPCC757.12,2.361073,1.871172
SPBC365.16,2.435525,2.074938
SPAC1834.08,2.359166,2.023048
SPBC15C4.06c,2.475565,1.712535
SPBC24C6.06,2.378327,1.70864
SPCC737.08,2.781163,2.900326
SPACUNK4.16c,2.738511,2.883576
SPBC354.11c,2.730271,2.979404
SPBC29A10.02,2.656474,2.96411
SPCC1742.01,2.64344,3.01901
SPBC23E6.01c,2.652634,2.862339
SPCC1020.01c,2.632888,2.879485
SPCC1739.01,2.617123,2.88908
SPAC25B8.19c,2.737337,3.133375
SPBC21C3.01c,2.713589,3.148096
SPBC28E12.06c,2.597079,3.128489
SPCC70.09c,2.522102,3.058145
SPAC630.04c,2.485337,3.138244
SPBC29B5.01,2.514661,2.962722
SPAC19B12.08,2.419538,3.072588
SPBC1685.14c,2.391519,3.038392
SPBC32F12.17,2.355939,3.012369
SPBC2D10.04,2.269544,3.099413
SPCC74.09,2.240869,3.111156
SPAC2E12.03c,2.227929,3.056414
SPBC1652.01,2.21219,3.015004
SPAC186.04c,2.193116,3.040776
SPAC1A6.04c,2.618618,2.68864
SPAC1687.07,2.612691,2.712286
SPCC1620.02,2.507984,2.792872
SPBP8B7.15c,2.47399,2.759489
SPAC6G10.03c,2.444978,2.821426
SPAC631.02,2.467825,2.515231
SPAC1F7.07c,2.463386,2.571562
SPCC191.06,2.424549,2.530044
SPAC22E12.14c,2.394488,2.560018
SPBC16A3.02c,2.364968,2.591358
SPCC1739.10,2.376485,2.748657
SPAC20H4.11c,2.347083,2.784942
SPBC18H10.05,2.30381,2.652504
SPCC13B11.01,2.09226,3.278017
SPAC14C4.01c,1.968911,3.304219
SPAC11D3.01c,1.900836,3.396825
SPAC16E8.16,2.061971,2.810943
SPBPJ4664.02,2.106634,3.011072
SPAC1039.10,2.013219,2.996681
SPBC1289.15,1.870003,2.97559
SPBC1711.11,1.869923,3.180219
SPBC32H8.11,2.968889,4.010699
SPCC70.04c,2.859433,4.057442
SPACUNK4.19,2.873325,3.857164
SPBPB2B2.12c,2.714543,4.189198
SPAC1399.03,2.593308,4.034583
SPBC1685.05,2.639011,4.403843
SPCC584.13,2.379195,4.277685
SPAC23E2.01,2.798226,3.498943
SPAC110.05,2.715931,3.560271
SPCC757.13,2.449898,3.598402
SPAC9E9.17c,2.389567,3.672501
SPCC548.07c,2.411233,3.463505
SPBC19F8.06c,2.294718,3.368167
SPBC31A8.02,2.244604,3.80967
SPCC74.04,2.202255,3.99013
SPBC359.06,1.910514,3.645106
SPAC11D3.19,1.882813,3.999492
SPAC977.13c,1.979542,4.343715
SPBPB2B2.14c,1.58404,4.220336
SPBPB8B6.04c,1.700826,4.770252
SPBC2G2.09c,1.669693,4.775983
SPBC887.11,1.586038,3.818161
SPCC70.12c,1.392899,3.542293
SPBC12C2.14c,1.097878,3.785853
SPAC227.13c,2.337694,2.238528
SPBC887.17,2.300833,2.188172
SPBC947.01,2.267528,2.25615
SPAC32A11.03c,2.26412,2.286569
SPCC622.13c,2.257887,2.289968
SPAC19D5.04,2.227014,2.287614
SPBC20F10.10,2.208382,2.190267
SPCC548.03c,2.159,2.170256
SPAC1399.01c,2.187841,2.26018
SPAC4F8.12c,2.171486,2.255163
SPCC1281.01,2.129687,2.230806
SPCC1919.14c,2.253916,2.113098
SPBC1604.14c,2.238959,2.080615
SPAC5D6.09c,2.183697,2.067116
SPAC1093.01,2.191945,2.040752
SPBC336.03,2.182081,2.026454
SPBC31F10.10c,2.163486,2.032183
SPBC725.11c,2.297353,2.487451
SPAC23G3.02c,2.237445,2.533846
SPAC869.10c,2.237479,2.381217
SPAC12B10.01c,2.165798,2.320592
SPAC2F3.08,2.164384,2.389829
SPAC56F8.02,2.158749,2.365319
SPAC3H5.09c,2.075099,2.540683
SPBC660.09,2.047894,2.535606
SPBCPT2R1.08c,2.031474,2.621807
SPAC24B11.05,1.976038,2.579104
SPCC1795.10c,2.082731,2.156706
SPAC4D7.02c,2.057657,2.182435
SPBC32H8.13c,1.975077,2.179928
SPBC725.03,1.939998,2.152393
SPACUNK12.02c,2.107876,2.419633
SPBC947.13,2.092062,2.347004
SPBC3H7.02,2.03463,2.289469
SPAC17A5.18c,2.042603,2.326757
SPBC713.06,2.015149,2.346133
SPBC8D2.03c,1.93981,2.388682
SPAC31G5.12c,1.927702,2.304834
SPAC6F12.02,1.862648,2.365675
SPBP8B7.04,1.853309,2.305901
SPBC146.01,1.879807,2.504745
SPBC1685.07c,1.868917,2.516263
SPBPB2B2.05,1.798161,2.542312
SPBC14C8.01c,1.756827,2.537639
SPBPB2B2.02,1.756591,2.762144
SPBC106.13,1.739357,2.281991
SPCC1682.09c,1.709536,2.171028
SPBC29A10.14,1.661514,2.149448
SPAC2G11.13,1.647615,2.088579
SPAC9E9.09c,1.583874,2.147126
SPCC576.04,1.616285,2.276178
SPAC25G10.01,1.577956,2.244871
SPBC19C2.11c,1.576542,2.241139
SPAC1D4.11c,1.553622,2.216645
SPBC31E1.01c,1.542081,2.206497
SPBC36B7.05c,1.522736,2.226968
SPCC16A11.08,1.618824,2.446496
SPBP35G2.11c,1.599237,2.349884
SPAC57A7.05,1.522885,2.38046
SPCC830.02,1.492177,2.368792
SPBC1773.03c,1.332318,3.153773
SPBC8E4.02c,1.30455,2.986409
SPAPB1A11.01,1.078899,2.838124
SPCC18B5.03,1.358368,2.371747
SPAC57A10.05c,1.322876,2.474473
SPAC11D3.16c,1.361637,2.542475
SPAC22F3.03c,1.346793,2.604597
SPCC1827.07c,1.252273,2.592922
SPCC306.10,1.097976,2.538141
SPAC4H3.04c,1.086252,2.472083
SPBC1271.07c,1.042944,2.608721
SPAC4G9.19,0.946339,2.382182
SPBC3E7.02c,2.915927,1.146304
SPAC26H5.08c,2.729812,1.525163
SPCC417.05c,2.655376,1.631004
SPAC17C9.16c,2.528974,1.561651
SPCC24B10.13,2.621577,1.426245
SPAPB1A10.14,2.562222,1.388116
SPBC4B4.08,2.513298,1.351447
SPCC794.01c,2.514229,1.430137
SPBC409.08,2.53922,1.11484
SPBC25B2.02c,2.301171,1.09178
SPCC11E10.01,2.29637,1.134111
SPAC824.08,2.258462,1.284221
SPCC1682.12c,2.173292,1.442636
SPAC22F8.02c,2.15763,1.456281
SPAC7D4.03c,2.156705,1.488817
SPAC30D11.01c,2.114338,1.361988
SPAC17G6.11c,2.065639,1.051145
SPBC19C2.09,2.003455,1.062653
SPBC56F2.08c,2.025327,1.38274
SPBC651.08c,2.006897,1.437946
SPCC1223.13,1.918318,1.369157
SPBC21D10.09c,1.906928,1.382895
SPBC83.13,1.96989,1.261213
SPAC13G7.04c,1.906096,1.277803
SPBC14C8.02,1.823558,1.309021
SPCC1393.13,1.803897,1.294226
SPCC1682.15,1.820159,1.265945
SPCC1183.12,1.803812,1.268898
SPAC1250.01,2.217797,1.913343
SPAC17G8.11c,2.200336,1.987351
SPAC1399.02,2.158153,1.946695
SPAC6F6.01,2.112428,1.918505
SPAC144.13c,2.069429,1.957844
SPAC24B11.12c,2.13587,1.857372
SPBC2D10.06,2.069794,1.846211
SPAC19B12.03,2.221405,1.659801
SPAPB2B4.07,2.23952,1.771355
SPAC22F8.04,2.199587,1.795772
SPBC29A3.08,2.198242,1.837235
SPAC4F8.13c,2.194839,1.819201
SPAC1F7.03,2.074145,1.569516
SPCC1322.14c,2.058494,1.636064
SPCC1840.02c,2.024242,1.610331
SPAC3F10.11c,2.017335,1.629941
SPAPB1E7.08c,2.060441,1.728249
SPAC1093.06c,2.0241,1.694367
SPAC328.03,1.99588,1.687631
SPBC119.04,2.025158,2.057124
SPCC297.03,1.98929,2.00098
SPAC24H6.11c,1.95101,1.913543
SPCC4F11.02,1.947929,1.901002
SPAC1687.22c,1.948908,1.938725
SPCC962.01,1.949773,1.981541
SPCC1620.14c,1.932931,1.971774
SPBC1271.05c,1.910672,1.984107
SPBC3B9.06c,1.930862,2.067943
SPBC839.02,1.899896,2.050661
SPBC646.12c,1.887853,2.114385
SPCC1682.11c,1.839019,2.092432
SPCC1393.02c,1.866051,2.001553
SPAC3A12.19,1.858006,2.041638
SPAC458.04c,1.788781,1.99546
SPCC663.01c,1.917424,1.729108
SPCC74.06,1.903133,1.718251
SPAC6B12.07c,1.935622,1.823172
SPAC26H5.05,1.849548,1.779318
SPBC27B12.11c,1.841457,1.794476
SPCC1494.03,1.847609,1.847584
SPAC1006.01,1.855022,1.885538
SPAC21E11.03c,1.839241,1.890744
SPAC17G8.10c,1.775743,1.826499
SPBC530.05,1.757252,1.863988
SPBC1826.01c,1.932908,1.504332
SPBC1921.06c,1.965519,1.596275
SPBC106.10,1.916886,1.587498
SPAC23A1.06c,1.886588,1.611326
SPAC22E12.01,1.843991,1.677872
SPAC5D6.04,1.804747,1.706731
SPCC1183.09c,1.757916,1.605911
SPBC4F6.06,1.738425,1.645087
SPAC26F1.04c,1.752858,1.445986
SPBC26H8.02c,1.743249,1.443237
SPBC21B10.07,1.71814,1.397167
SPAC4A8.08c,1.696968,1.415721
SPAC23A1.02c,1.693461,1.354679
SPBC660.07,1.798192,1.549908
SPBC19F8.07,1.777815,1.488408
SPAC19E9.03,1.763731,1.515112
SPAC26A3.10,1.729883,1.545682
SPCC16C4.02c,1.703446,1.485416
SPAC6B12.02c,1.673774,1.532631
SPAC13G7.02c,1.671037,1.511287
SPAC29B12.01,1.675344,1.564467
SPAC17A5.10,1.66356,1.575433
SPBC13G1.10c,1.653155,1.544317
SPAC922.07c,1.651693,1.539164
SPCC594.04c,1.638477,1.568594
SPAC14C4.07,1.634699,1.477763
SPBC3E7.16c,1.608392,1.510235
SPBC27B12.03c,1.62786,1.401363
SPBC32F12.11,1.622865,1.428445
SPAC13G6.12c,1.56959,1.412827
SPBC16E9.13,1.564986,1.455684
SPBC25B2.10,1.533805,1.468047
SPCC1393.07c,1.535861,1.54309
SPCC70.05c,1.513906,1.524449
SPCC1450.13c,1.494066,1.456745
SPBC56F2.11,1.474983,1.401313
SPAC2E12.02,1.461626,1.41367
SPAC4G8.04,1.773405,1.755118
SPAC19A8.05c,1.74715,1.758865
SPAC23A1.16c,1.721502,1.716803
SPAC343.11c,1.697862,1.715408
SPBC16C6.06,1.718604,1.811422
SPAPB18E9.04c,1.695317,1.761698
SPAC222.09,1.683991,1.808508
SPBC1703.12,1.675606,1.789703
SPCC63.08c,1.685084,1.891045
SPBC609.03,1.667688,1.883299
SPCC285.11,1.670222,1.839319
SPBC19C7.03,1.652826,1.822361
SPCC622.15c,1.650187,1.787875
SPAC1399.05c,1.637756,1.769273
SPAPB8E5.04c,1.627578,1.772199
SPCC162.07,1.623457,1.836146
SPAC10F6.16,1.595982,1.816006
SPAC19G12.14,1.653687,1.681582
SPAC3C7.13c,1.619991,1.727087
SPAC19G12.09,1.629378,1.641307
SPAC521.04c,1.60437,1.622616
SPBC36.11,1.590595,1.642551
SPAC23C4.04c,1.582314,1.758673
SPCC126.09,1.565859,1.754548
SPBC23G7.06c,1.56917,1.690969
SPAC806.05,1.538987,1.755308
SPAC19G12.07c,1.533951,1.760858
SPCC548.06c,1.512518,1.76939
SPAC2C4.07c,1.488767,1.748137
SPBC12C2.10c,1.532055,1.641893
SPAC821.04c,1.524483,1.671894
SPCC736.13,1.500841,1.666031
SPBC354.05c,1.46943,1.699992
SPAC18B11.09c,1.468827,1.647901
SPCC1442.04c,1.681374,1.996499
SPAC1783.07c,1.608715,1.986147
SPAC22H10.02,1.593491,1.985188
SPAPB1A10.07c,1.598359,1.875743
SPBC19G7.06,1.579199,1.887306
SPCC338.17c,1.561319,1.894784
SPAC57A7.09,1.547502,1.856466
SPAC25G10.09c,1.542297,1.886911
SPAC31G5.18c,1.521895,1.874037
SPBP35G2.10,1.520246,1.927423
SPAC11D3.08c,1.494806,1.933805
SPCC417.09c,1.510391,1.812
SPBC216.05,1.480453,1.850792
SPAC24H6.05,1.73469,1.163207
SPAC22E12.09c,1.719696,1.128968
SPCC188.14,1.683594,1.147851
SPAPB24D3.09c,1.73225,1.201357
SPBP19A11.04c,1.702501,1.246961
SPBC29A3.01,1.67782,1.242122
SPCC970.08,1.685797,1.303836
SPAC323.07c,1.677228,1.312571
SPAC24H6.09,1.636191,1.311212
SPAC1006.05c,1.61317,1.227761
SPBC887.09c,1.574073,1.229538
SPBC16E9.11c,1.578932,1.259278
SPAC22A12.11,1.562183,1.248627
SPBC21C3.03,1.57064,1.311879
SPAC1F3.02c,1.5518,1.333662
SPBC27B12.08,1.526688,1.275016
SPBC651.03c,1.526769,1.313267
SPCC16C4.03,1.495415,1.295029
SPAC15A10.03c,1.489083,1.250741
SPAC31A2.12,1.474823,1.254192
SPAC9E9.03,1.658306,1.099594
SPAC8C9.16c,1.63607,1.094579
SPAC2F3.05c,1.605121,1.11715
SPBC17F3.02,1.570468,1.144081
SPCC830.05c,1.62918,1.003011
SPBC2F12.05c,1.585064,1.072793
SPBC16E9.01c,1.550103,1.026421
SPAC3F10.17,1.538145,1.16112
SPCC1919.05,1.524655,1.134237
SPBC3F6.05,1.502754,1.181476
SPAC20G8.05c,1.496617,1.057349
SPAC4F8.07c,1.429189,1.057684
SPAC644.06c,1.451402,1.092962
SPAC8C9.12c,1.427282,1.091523
SPAC328.02,1.421761,1.084873
SPBC354.09c,1.45052,1.214412
SPCC132.04c,1.431603,1.183444
SPCC24B10.07,1.426278,1.152214
SPBC651.09c,1.410649,1.151053
SPCC1795.09,1.371931,1.202255
SPAC13F5.02c,1.367399,1.195615
SPBC216.07c,1.363889,1.181234
SPBC2F12.15c,1.331983,1.207569
SPAC17A2.07c,1.352795,1.025061
SPAC27D7.13c,1.350373,1.01223
SPAC11D3.05,1.335545,1.033044
SPCC306.11,1.357744,1.116483
SPAC1687.09,1.356258,1.158675
SPCC584.15c,1.332072,1.108481
SPBC17D11.01,1.323532,1.114424
SPAC4A8.02c,1.322726,1.091539
SPAC10F6.10,1.29272,1.116352
SPBC3H7.03c,1.255492,1.026208
SPBC577.13,1.246155,1.03546
SPBC19G7.13,1.24582,1.037201
SPBC646.08c,1.240807,1.009966
SPCC1739.12,1.219839,1.031329
SPAPYUK71.03c,1.200086,1.004388
SPAC20G8.06,1.199724,1.025352
SPBC8E4.03,1.209762,1.11596
SPCC18.03,1.217449,1.141402
SPBC8D2.20c,1.200445,1.145164
SPAC8C9.14,1.182167,1.061863
SPCC162.08c,1.181823,1.102234
SPBC25H2.13c,1.376915,1.336626
SPCC320.05,1.357854,1.267537
SPBC577.14c,1.305932,1.346529
SPBC29A3.03c,1.296813,1.335899
SPBC19C7.02,1.288302,1.332028
SPBC1289.04c,1.281404,1.234342
SPCC188.09c,1.270526,1.260709
SPBC1861.02,1.255846,1.29927
SPAC16.01,1.238223,1.263796
SPBC30D10.10c,1.288416,1.200264
SPAC26A3.09c,1.275868,1.17659
SPAC17G6.05c,1.250501,1.156035
SPAC22E12.19,1.236932,1.190696
SPAC31A2.11c,1.230365,1.170237
SPBC557.04,1.198333,1.181378
SPAC27F1.09c,1.158332,1.205867
SPBC6B1.02,1.459298,1.585154
SPAC4G8.03c,1.429127,1.587142
SPAC7D4.12c,1.428466,1.562884
SPBC29A3.17,1.419908,1.686608
SPAC1039.05c,1.38569,1.65792
SPCC10H11.01,1.402678,1.601693
SPAC1F3.03,1.377583,1.62373
SPAC688.03c,1.350883,1.623784
SPBC947.15c,1.426208,1.468604
SPAC25B8.03,1.416979,1.462312
SPAC1F5.04c,1.436177,1.525824
SPAC9.03c,1.379941,1.510234
SPBC25B2.03,1.378375,1.531249
SPCC757.11c,1.352378,1.451666
SPAC23H3.13c,1.325794,1.439218
SPAC25G10.07c,1.352336,1.482219
SPBP8B7.32,1.317299,1.484729
SPAC4F10.16c,1.298058,1.454814
SPCC1020.13c,1.308113,1.554472
SPAC9G1.02,1.289737,1.498837
SPCC736.12c,1.275484,1.521562
SPBC16G5.06,1.273564,1.522709
SPAC227.15,1.255898,1.43753
SPAC15A10.16,1.262812,1.423514
SPBC28F2.12,1.252946,1.424886
SPCC126.07c,1.251362,1.417009
SPBC1105.11c,1.232146,1.417918
SPAC1952.04c,1.18968,1.413597
SPAC22E12.02,1.185878,1.421375
SPCC1795.02c,1.169683,1.399196
SPBC354.15,1.206985,1.530482
SPAC1F7.11c,1.202018,1.564017
SPBC354.13,1.161611,1.547529
SPAC6F6.12,1.218382,1.489144
SPCC895.08c,1.21474,1.477176
SPAC17C9.11c,1.188578,1.468729
SPAC25A8.02,1.1431,1.479477
SPBC36.01c,1.133212,1.493812
SPCC5E4.04,1.192048,1.331984
SPAC2G11.09,1.198994,1.281163
SPBC215.13,1.187145,1.305531
SPBC1289.01c,1.176307,1.296402
SPAC1687.08,1.161976,1.252866
SPBC216.03,1.136578,1.258383
SPBC1711.17,1.148617,1.318446
SPAC1039.07c,1.125784,1.299803
SPBC725.01,1.12399,1.317973
SPCC330.02,1.133561,1.366537
SPAC57A7.08,1.139154,1.352594
SPBC359.03c,1.125947,1.353934
SPCC584.01c,1.122749,1.385635
SPCC794.02,1.078325,1.39897
SPBC428.08c,1.063592,1.30362
SPBC21.06c,1.051599,1.339591
SPCC4G3.09c,1.045308,1.327112
SPCC162.04c,1.159355,1.669473
SPAC823.16c,1.154647,1.677443
SPAPB24D3.10c,1.111043,1.692053
SPAC1F12.05,1.091441,1.723092
SPAC14C4.03,1.086002,1.630134
SPCC330.11,1.091699,1.578748
SPBC11G11.01,1.074647,1.596338
SPBC211.07c,0.979865,1.583839
SPAPB18E9.02c,0.95613,1.613137
SPAC167.07c,0.939613,1.637602
SPAC1639.02c,1.456834,2.177918
SPBC21C3.20c,1.449756,2.183035
SPBC887.06c,1.318624,2.161448
SPAC1F7.09c,1.433764,1.983228
SPAC27E2.09,1.40631,2.006286
SPAC23A1.17,1.372214,2.01447
SPAC11D3.07c,1.417718,2.060508
SPAC15E1.10,1.384813,2.087022
SPBP8B7.24c,1.289232,1.999923
SPCC1906.04,1.282125,1.990405
SPCC622.11,1.232127,1.98313
SPAC22A12.06c,1.22193,1.987561
SPAC3G9.12,1.199525,2.176014
SPAC29E6.01,1.139654,2.150035
SPBC21D10.06c,1.12434,2.241368
SPAC1039.03,1.117923,2.06938
SPAC3C7.03c,1.437948,1.790305
SPAC1006.09,1.402525,1.791034
SPAC328.04,1.389966,1.824147
SPAC3A11.06,1.370028,1.712466
SPCC63.03,1.355744,1.762069
SPCC4G3.12c,1.393831,1.870378
SPAC16E8.01,1.373452,1.867254
SPAC3A11.10c,1.333625,1.857666
SPCC285.06c,1.31096,1.620353
SPCC285.09c,1.223595,1.609506
SPCC126.02c,1.221507,1.615292
SPCPJ732.02c,1.239673,1.74282
SPCC417.10,1.174386,1.881591
SPBC800.02,1.16272,1.856981
SPCC1827.08c,1.14532,1.873206
SPAC1002.12c,1.156306,1.920866
SPAC13G7.13c,1.140391,1.827494
SPAC1B3.15c,1.124004,1.786697
SPAC222.15,1.075855,1.845741
SPCC584.12,0.915843,2.143636
SPCC736.14,0.859537,2.126823
SPCC1494.10,0.853743,2.191126
SPBC3H7.08c,0.833693,2.169353
SPAC1A6.11,0.703894,2.153135
SPAC23H4.06,0.915232,1.871181
SPBC19C2.06c,0.814888,1.904231
SPCC1322.07c,0.714266,1.77653
SPBC1773.02c,0.606791,1.869437
SPAC22G7.08,0.527648,1.731716
SPCC13B11.03c,0.360098,1.790338
SPBC8D2.02c,0.377373,1.981502
SPBC23G7.08c,0.373171,1.949868
SPCC576.16c,0.785317,2.645279
SPAC1039.04,0.500009,2.45287
SPAC31A2.05c,1.1581,1.034619
SPBC409.23,1.151627,1.002279
SPCC1494.01,1.146764,1.018486
SPBC215.04,1.096149,1.042387
SPCC1902.02,1.076454,1.04271
SPAC24B11.10c,1.095293,1.089168
SPBC646.17c,1.070597,1.073621
SPAC688.07c,1.041678,1.017671
SPBP35G2.14,1.023255,1.014847
SPAPB24D3.02c,1.006204,1.017306
SPAC15A10.11,1.119702,1.158249
SPBC17D11.08,1.109795,1.117399
SPCC4E9.01c,1.05388,1.132993
SPAC30.04c,1.10544,1.212693
SPBC11C11.11c,1.096229,1.216139
SPBP26C9.02c,1.073464,1.228102
SPAC3F10.15c,1.056191,1.216188
SPAC4F8.10c,1.047776,1.225172
SPAC12G12.09,0.984978,1.096207
SPAPB1E7.05,0.974094,1.08264
SPCC162.06c,0.942266,1.12402
SPBC713.02c,0.945449,1.156838
SPCC14G10.04,0.930418,1.14607
SPBC12C2.02c,0.962016,1.034475
SPAC15E1.09,0.913608,1.014777
SPCC24B10.02c,0.939666,1.079892
SPAC3H8.09c,0.913221,1.082192
SPBC1706.01,0.905427,1.078566
SPBC1734.08,0.888752,1.052101
SPAC4G9.04c,0.887534,1.064802
SPAPB1A10.13,0.887148,1.109203
SPBC119.07,1.030301,1.22126
SPBC106.18,1.025238,1.18056
SPBP4H10.07,0.978957,1.211659
SPBC26H8.12,0.975261,1.172242
SPAC8F11.10c,1.040514,1.258745
SPBC36B7.09,1.01871,1.262311
SPBC106.02c,1.015141,1.253357
SPBC354.06,0.994546,1.307851
SPBC1347.12,0.977144,1.291041
SPAC167.05,0.958679,1.290008
SPAC2F7.03c,0.944703,1.253663
SPCC1235.06,0.935184,1.270018
SPBC1773.17c,0.931695,1.274323
SPBC887.07,0.916475,1.236321
SPBC651.06,0.887045,1.174157
SPCC23B6.03c,0.883777,1.19629
SPAC11E3.02c,0.865257,1.156666
SPCC895.05,0.878907,1.244373
SPBC83.01,0.864563,1.27817
SPAC6G9.16c,0.842858,1.273243
SPAC19A8.03,0.824186,1.277252
SPCC777.02,0.839596,1.205224
SPCC364.02c,0.816861,1.22896
SPBC405.02c,0.815948,1.244263
SPCC663.02,0.856347,1.075625
SPAC31G5.19,0.848271,1.074229
SPAC6F6.15,0.829482,1.065314
SPBC17G9.08c,0.821215,1.126572
SPBP23A10.13,0.794866,1.0854
SPBC211.04c,0.780995,1.105394
SPCC4G3.10c,0.817846,1.015745
SPAC1039.02,0.817206,1.021627
SPCC962.06c,0.813681,1.001152
SPAC6B12.08,0.798273,1.003647
SPAC664.05,0.804559,1.052334
SPBC11B10.10c,0.800094,1.030528
SPCC1020.05,0.755286,1.045371
SPBC216.06c,0.728702,1.038215
SPBP23A10.11c,0.717976,1.001518
SPAC10F6.06,0.687384,1.030797
SPBC16D10.05,0.713257,1.154911
SPAC9E9.05,0.677244,1.167323
SPAC869.02c,0.682971,1.087919
SPBC15D4.07c,0.644575,1.130523
SPBC2A9.04c,0.631723,1.174791
SPAC3A11.07,0.612732,1.150199
SPBC947.05c,0.612089,1.219644
SPCC663.18,0.577315,1.150215
SPAC688.10,0.567939,1.175077
SPAC3F10.07c,0.65343,1.029258
SPCC306.03c,0.647606,1.000786
SPCC970.09,0.599761,1.014082
SPCC645.03c,0.579789,1.02288
SPAC105.01c,0.526469,1.011436
SPAP14E8.04,0.508148,1.011345
SPCC74.02c,0.498029,1.142812
SPAC664.12c,0.495138,1.096619
SPAC4C5.01,1.071793,1.480687
SPCC417.11c,1.059808,1.527349
SPAC6F12.03c,1.019168,1.486132
SPBC14F5.11c,0.984604,1.473632
SPAC1556.01c,1.007654,1.408441
SPAC29B12.07,0.967046,1.426688
SPBC16C6.04,0.987995,1.361441
SPAC328.08c,0.964744,1.362253
SPBC947.10,0.965806,1.387631
SPBC646.13,0.937812,1.365369
SPBC4C3.12,0.934897,1.336218
SPAC25G10.03,0.896221,1.365982
SPBC1198.13c,0.880538,1.350163
SPAC17A2.12,0.859213,1.341883
SPAC1B3.01c,0.860867,1.421695
SPAC23A1.14c,0.855373,1.390353
SPAPB15E9.06,0.922828,1.469576
SPAC3A11.09,0.919268,1.435545
SPAC607.09c,0.910853,1.42325
SPAC22F3.13,0.88512,1.501284
SPAC1527.01,0.873384,1.490223
SPBC17G9.13c,0.827823,1.485265
SPAC19B12.10,0.856951,1.616528
SPCC1884.02,0.816156,1.671512
SPAC11H11.05c,0.794092,1.701169
SPAC20G8.10c,0.714926,1.579103
SPBC19C7.10,0.670371,1.539423
SPBC800.14c,0.775084,1.381402
SPAC29E6.08,0.75778,1.473816
SPAC10F6.07c,0.6918,1.416401
SPCC1620.09c,0.715048,1.355218
SPAC10F6.11c,0.701025,1.369962
SPBC13G1.05,0.683498,1.325517
SPCC777.15,0.712766,1.281098
SPAP11E10.02c,0.658572,1.267567
SPBC1778.02,0.618357,1.333541
SPAC1327.01c,0.610864,1.33448
SPBC1773.05c,0.610473,1.28584
SPAC16E8.03,0.524999,1.475564
SPAC1805.16c,0.414223,1.535974
SPCC1919.12c,0.545427,1.227097
SPBC16D10.04c,0.503328,1.223653
SPAC1F7.12,0.47511,1.190992
SPCC18B5.11c,0.437146,1.259478
SPAC1F8.08,0.447281,1.358204
SPBC1773.16c,0.430704,1.353221
SPBP26C9.03c,0.342735,1.280923
SPAC23H4.02,0.341112,1.311454
SPCC794.03,0.302195,1.237944
SPAC4G9.20c,0.272247,1.240092
SPAC1399.06,0.267341,1.252836
SPBC685.03,0.328436,1.375906
SPAC22G7.07c,0.3187,1.395358
SPCC285.04,0.310764,1.402861
SPCC24B10.14c,0.265159,1.350701
SPCC594.07c,0.407216,1.078165
SPBC337.12,0.38812,1.076056
SPCC970.11c,0.354034,1.169668
SPAC16E8.02,0.354736,1.002007
SPAC6F6.08c,0.332079,1.067721
SPBC1604.01,0.299671,1.029923
SPAC23G3.07c,0.247901,1.052542